"STATION","NAME","LATITUDE","LONGITUDE","ELEVATION","DATE","CDSD","CLDD","DP01","DP10","DT00","DT32","DX32","DX70","DX90","EMNT","EMXP","EMXT","HDSD","HTDD","PRCP","TAVG","TMAX","TMIN"
"CEM00043466","COLOMBO, CE","6.9","79.867","7.0","2010-01",,,"5","2",,,,,,,"0.59",,,,"0.80",,,
"CEM00043466","COLOMBO, CE","6.9","79.867","7.0","2010-02",,,"4","1",,,"0","23","13",,"0.11","95",,,"0.21",,"90.5",
"CEM00043466","COLOMBO, CE","6.9","79.867","7.0","2010-03",,,"7","4",,,"0","26","19",,"0.70","94",,,"1.20",,"90.4",
"CEM00043466","COLOMBO, CE","6.9","79.867","7.0","2010-04",,,"20","13",,,"0","26","16",,"4.61","91",,,"17.37",,"89.9",
"CEM00043466","COLOMBO, CE","6.9","79.867","7.0","2010-05",,,"23","16",,,"0","27","9",,"5.31","92",,,"31.00",,"88.6",
"CEM00043466","COLOMBO, CE","6.9","79.867","7.0","2010-06",,,"16","11",,,"0","29","0",,"2.33","89",,,"7.24",,"87.3",
"CEM00043466","COLOMBO, CE","6.9","79.867","7.0","2010-07",,,"16","8",,,"0","29","0",,"1.38","88",,,"4.59",,"85.9",
"CEM00043466","COLOMBO, CE","6.9","79.867","7.0","2010-08",,,"2","2",,,"0","30","0",,"0.40","88",,,"0.58",,"85.5",
"CEM00043466","COLOMBO, CE","6.9","79.867","7.0","2010-09",,,"15","10",,,"0","30","0",,"4.89","88",,,"10.69",,"86.0",
"CEM00043466","COLOMBO, CE","6.9","79.867","7.0","2010-10",,,"13","8",,,"0","31","0",,"1.67","87",,,"6.11",,"86.1",
"CEM00043466","COLOMBO, CE","6.9","79.867","7.0","2010-11",,,"22","17",,,"0","29","0",,"17.44","89",,,"38.22",,"85.8",
"CEM00043466","COLOMBO, CE","6.9","79.867","7.0","2010-12",,,"17","12",,,"0","31","0",,"4.50","90",,,"11.78",,"84.8",
"CEM00043466","COLOMBO, CE","6.9","79.867","7.0","2011-01",,,"7","3",,,"0","28","4",,"0.56","92",,,"1.19",,"86.4",
"CEM00043466","COLOMBO, CE","6.9","79.867","7.0","2011-02",,,"11","4",,,"0","28","2",,"1.61","92",,,"2.98",,"86.0",
"CEM00043466","COLOMBO, CE","6.9","79.867","7.0","2011-03",,,"10","7",,,"0","29","7",,"1.40","97",,,"5.24",,"89.2",
"CEM00043466","COLOMBO, CE","6.9","79.867","7.0","2011-04",,,"15","13",,,"0","29","2",,"2.76","90",,,"13.89",,"88.1",
"CEM00043466","COLOMBO, CE","6.9","79.867","7.0","2011-05",,,"17","9",,,"0","30","1",,"2.58","91",,,"6.18",,"88.4",
"CEM00043466","COLOMBO, CE","6.9","79.867","7.0","2011-06",,,"12","10",,,,,,,"1.53",,,,"8.03",,,
"CEM00043466","COLOMBO, CE","6.9","79.867","7.0","2011-07",,,"10","8",,,"0","31","0",,"0.77","89",,,"3.74",,"86.3",
"CEM00043466","COLOMBO, CE","6.9","79.867","7.0","2011-08",,"458","12","7","0","0","0","31","0","74","2.58","88",,"0","6.22","82.7","86.4","79.0"
"CEM00043466","COLOMBO, CE","6.9","79.867","7.0","2011-09",,,"17","13",,,"0","30","0",,"0.72","89",,,"3.34",,"86.8",
"CEM00043466","COLOMBO, CE","6.9","79.867","7.0","2011-10",,,"19","14",,,"0","30","1",,"2.38","90",,,"8.48",,"87.9",
"CEM00043466","COLOMBO, CE","6.9","79.867","7.0","2011-11",,,"15","11",,,"0","28","2",,"1.65","91",,,"6.65",,"87.5",
"CEM00043466","COLOMBO, CE","6.9","79.867","7.0","2011-12",,,"10","4",,,"0","31","2",,"1.34","91",,,"2.86",,"86.9",
"CEM00043466","COLOMBO, CE","6.9","79.867","7.0","2012-01",,,"5","5",,,"0","30","3",,"3.24","92",,,"6.24",,"87.6",
"CEM00043466","COLOMBO, CE","6.9","79.867","7.0","2012-02",,,"10","4",,,"0","29","7",,"2.38","93",,,"5.28",,"89.0",
"CEM00043466","COLOMBO, CE","6.9","79.867","7.0","2012-03",,,"6","3",,,"0","31","2",,"1.43","92",,,"3.17",,"88.7",
"CEM00043466","COLOMBO, CE","6.9","79.867","7.0","2012-04",,,"19","16",,,"0","29","6",,"3.98","91",,,"20.97",,"88.3",
"CEM00043466","COLOMBO, CE","6.9","79.867","7.0","2012-05",,"528","10","6","0","0","0","31","3","74","3.56","91",,"0","7.72","84.6","89.1","80.0"
"CEM00043466","COLOMBO, CE","6.9","79.867","7.0","2012-06",,,"16","6",,,"0","30","0",,"1.57","89",,,"3.77",,"87.5",
"CEM00043466","COLOMBO, CE","6.9","79.867","7.0","2012-07",,,"9","5",,,"0","31","0",,"0.45","89",,,"1.71",,"87.0",
"CEM00043466","COLOMBO, CE","6.9","79.867","7.0","2012-08",,,"19","15",,,"0","31","0",,"1.66","89",,,"7.23",,"87.2",
"CEM00043466","COLOMBO, CE","6.9","79.867","7.0","2012-09",,"432","19","10","0","0","0","30","0","74","2.30","89",,"0","5.66","82.3","86.8","77.9"
"CEM00043466","COLOMBO, CE","6.9","79.867","7.0","2012-10",,,"20","16",,,"0","30","0",,"2.84","90",,,"15.37",,"87.4",
"CEM00043466","COLOMBO, CE","6.9","79.867","7.0","2012-11",,,"14","12",,,"0","30","3",,"1.75","90",,,"7.51",,"87.8",
"CEM00043466","COLOMBO, CE","6.9","79.867","7.0","2012-12",,,"14","6",,,"0","31","2",,"1.46","91",,,"6.12",,"87.3",
"CEM00043466","COLOMBO, CE","6.9","79.867","7.0","2013-01",,,"8","4",,,"0","31","10",,"2.08","94",,,"3.58",,"88.4",
"CEM00043466","COLOMBO, CE","6.9","79.867","7.0","2013-02",,,"8","6",,,"0","27","7",,"1.68","93",,,"6.48",,"88.8",
"CEM00043466","COLOMBO, CE","6.9","79.867","7.0","2013-03",,,"11","7",,,"0","31","10",,"1.07","93",,,"4.25",,"89.5",
"CEM00043466","COLOMBO, CE","6.9","79.867","7.0","2013-04",,,"8","4",,,"0","30","23",,"2.50","92",,,"5.76",,"90.3",
"CEM00043466","COLOMBO, CE","6.9","79.867","7.0","2013-05",,,"24","14",,,"0","29","5",,"5.29","90",,,"15.66",,"88.2",
"CEM00043466","COLOMBO, CE","6.9","79.867","7.0","2013-06",,,"21","14",,,"0","30","0",,"1.33","88",,,"10.52",,"86.0",
"CEM00043466","COLOMBO, CE","6.9","79.867","7.0","2013-07",,"474","20","12","0","0","0","31","0","73","1.39","87","0","0","7.80","81.9","85.9","78.0"
"CEM00043466","COLOMBO, CE","6.9","79.867","7.0","2013-08",,,"9","3",,,"0","31","1",,"0.21","91",,,"0.82",,"86.3",
"CEM00043466","COLOMBO, CE","6.9","79.867","7.0","2013-09",,,"17","13","0","0","0","29","0","74","1.34","88",,,"8.73","81.7","85.9","77.5"
"CEM00043466","COLOMBO, CE","6.9","79.867","7.0","2013-10",,,"22","12",,,"0","31","0",,"0.97","88",,,"5.48",,"86.9",
"CEM00043466","COLOMBO, CE","6.9","79.867","7.0","2013-11",,,"17","13",,,"0","28","1",,"0.83","90",,,"5.93",,"87.7",
"CEM00043466","COLOMBO, CE","6.9","79.867","7.0","2013-12",,,"6","4","0","0","0","27","5","73","2.39","91",,,"5.34","81.4","88.2","74.5"
"CEM00043466","COLOMBO, CE","6.9","79.867","7.0","2014-01","429","429","6","6","0","0","0","31","9","72","2.29","93",,"0","3.38","81.4","88.5","74.3"
"CEM00043466","COLOMBO, CE","6.9","79.867","7.0","2014-02","813","384","2","1","0","0","0","28","5","69","0.70","96",,"0","0.77","81.6","89.0","74.2"
"CEM00043466","COLOMBO, CE","6.9","79.867","7.0","2014-03","1308","495","7","6","0","0","0","31","18","73","1.83","95",,"0","4.03","83.4","90.2","76.5"
"CEM00043466","COLOMBO, CE","6.9","79.867","7.0","2014-04",,,"17","10",,,"0","30","20",,"2.71","92",,,"9.99",,"90.0",
"CEM00043466","COLOMBO, CE","6.9","79.867","7.0","2014-05",,,"16","10",,,"0","31","7",,"0.48","91",,,"3.30",,"88.9",
"CEM00043466","COLOMBO, CE","6.9","79.867","7.0","2014-06",,,"15","10",,,"0","29","0",,"4.05","89",,,"8.54",,"87.8",
"CEM00043466","COLOMBO, CE","6.9","79.867","7.0","2014-07",,,"8","6",,,"0","30","0",,"1.22","89",,,"2.60",,"87.6",
"CEM00043466","COLOMBO, CE","6.9","79.867","7.0","2014-08",,,"18","12",,,"0","29","0",,"2.74","88",,,"10.71",,"86.4",
"CEM00043466","COLOMBO, CE","6.9","79.867","7.0","2014-09",,,"24","15",,,"0","29","0",,"1.43","88",,,"11.41",,"87.0",
"CEM00043466","COLOMBO, CE","6.9","79.867","7.0","2014-10",,,"24","19",,,"0","31","0",,"3.20","89",,,"19.67",,"86.7",
"CEM00043466","COLOMBO, CE","6.9","79.867","7.0","2014-11",,,"21","14",,,"0","29","1",,"3.63","91",,,"10.97",,"86.1",
"CEM00043466","COLOMBO, CE","6.9","79.867","7.0","2014-12",,,"24","18",,,"0","31","0",,"3.52","89",,,"18.76",,"85.2",
"CEM00043466","COLOMBO, CE","6.9","79.867","7.0","2015-01",,,"4","3",,,"0","31","7",,"0.93","93",,,"1.56",,"88.6",
"CEM00043466","COLOMBO, CE","6.9","79.867","7.0","2015-02",,,"11","7",,,"0","25","3",,"1.93","92",,,"4.80",,"88.0",
"CEM00043466","COLOMBO, CE","6.9","79.867","7.0","2015-03",,,"15","10",,,"0","30","3",,"2.56","90",,,"7.34",,"88.7",
"CEM00043466","COLOMBO, CE","6.9","79.867","7.0","2015-05",,,"19","13",,,"0","31","8",,"1.54","92",,,"6.31",,"89.4",
"CEM00043466","COLOMBO, CE","6.9","79.867","7.0","2015-06",,,"26","18",,,"0","30","2",,"2.84","90",,,"9.63",,"88.4",
"CEM00043466","COLOMBO, CE","6.9","79.867","7.0","2015-07",,,"10","5",,,"0","31","0",,"0.57","89",,,"1.69",,"88.1",
"CEM00043466","COLOMBO, CE","6.9","79.867","7.0","2015-08",,,"20","8",,,"0","30","1",,"0.81","90",,,"3.58",,"88.4",
"CEM00043466","COLOMBO, CE","6.9","79.867","7.0","2015-09",,,"23","21",,,"0","27","0",,"5.12","89",,,"23.76",,"87.4",
"CEM00043466","COLOMBO, CE","6.9","79.867","7.0","2015-10",,,"26","20",,,"0","30","0",,"1.51","89",,,"9.87",,"87.5",
"CEM00043466","COLOMBO, CE","6.9","79.867","7.0","2015-11",,,"23","17",,,"0","30","2",,"2.94","91",,,"17.38",,"87.6",
"CEM00043466","COLOMBO, CE","6.9","79.867","7.0","2015-12",,,"19","15",,,"0","30","7",,"4.50","93",,,"18.22",,"88.6",
"CEM00043466","COLOMBO, CE","6.9","79.867","7.0","2016-01",,,"3","2",,,"0","29","15",,"0.59","95",,,"1.16",,"90.2",
"CEM00043466","COLOMBO, CE","6.9","79.867","7.0","2016-02",,,"6","5",,,"0","28","16",,"2.02","96",,,"4.19",,"90.6",
"CEM00043466","COLOMBO, CE","6.9","79.867","7.0","2016-03",,,"11","7",,,"0","30","27",,"1.97","94",,,"3.23",,"91.2",
"CEM00043466","COLOMBO, CE","6.9","79.867","7.0","2016-04",,,"12","8",,,"0","27","27",,"2.09","96",,,"7.11",,"92.0",
"CEM00043466","COLOMBO, CE","6.9","79.867","7.0","2016-05",,,"28","24",,,"0","28","13",,"8.63","92",,,"29.65",,"89.5",
"CEM00043466","COLOMBO, CE","6.9","79.867","7.0","2016-06",,,"14","11",,,"0","27","0",,"1.90","89",,,"5.21",,"88.0",
"CEM00043466","COLOMBO, CE","6.9","79.867","7.0","2016-07",,"475","7","5","0","0","0","30","0","74","0.95","89","0","0","1.85","83.3","87.3","79.4"
"CEM00043466","COLOMBO, CE","6.9","79.867","7.0","2016-08",,,"2","0",,,,,,,"0.02",,,,"0.03",,,
"CEM00043466","COLOMBO, CE","6.9","79.867","7.0","2016-09",,,"5","3",,,"0","26","0",,"0.70","89",,,"1.17",,"87.1",
"CEM00043466","COLOMBO, CE","6.9","79.867","7.0","2016-10",,,"17","12","0","0","0","29","1","72","5.37","90",,,"14.40","83.0","87.9","78.1"
"CEM00043466","COLOMBO, CE","6.9","79.867","7.0","2016-11",,,"19","14",,,"0","27","3",,"2.43","91",,,"15.70",,"87.0",
"CEM00043466","COLOMBO, CE","6.9","79.867","7.0","2016-12",,,"6","5","0","0","0","29","7","68","2.14","92",,,"6.67","81.8","88.7","75.0"
"CEM00043466","COLOMBO, CE","6.9","79.867","7.0","2017-01",,,"5","3",,,"0","28","7",,"1.84","91",,,"3.24",,"88.0",
"CEM00043466","COLOMBO, CE","6.9","79.867","7.0","2017-02",,"364","6","4","0","0","0","25","4","68","2.19","93",,"0","3.63","80.8","88.1","73.5"
"CEM00043466","COLOMBO, CE","6.9","79.867","7.0","2017-03",,,"10","6",,,"0","27","1",,"2.36","90",,,"5.25",,"88.4",
"CEM00043466","COLOMBO, CE","6.9","79.867","7.0","2017-04",,"536","8","2","0","0","0","29","25","74","2.29","91",,"0","3.21","85.6","90.5","80.7"
"CEM00043466","COLOMBO, CE","6.9","79.867","7.0","2017-05",,,"19","10",,,"0","27","10",,"3.54","92",,,"13.16",,"89.1",
"CEM00043466","COLOMBO, CE","6.9","79.867","7.0","2017-06",,,"19","13",,,"0","27","0",,"1.27","88",,,"5.20",,"87.2",
"CEM00043466","COLOMBO, CE","6.9","79.867","7.0","2017-07",,,"9","5",,,"0","28","0",,"0.74","89",,,"1.92",,"87.5",
"CEM00043466","COLOMBO, CE","6.9","79.867","7.0","2017-08",,,"13","6",,,"0","28","0",,"0.80","89",,,"2.85",,"87.1",
"CEM00043466","COLOMBO, CE","6.9","79.867","7.0","2017-09",,,"19","12",,,,,,,"3.75",,,,"12.36",,,
"CEM00043466","COLOMBO, CE","6.9","79.867","7.0","2017-10",,,"22","20",,,,,,,"2.77",,,,"16.86",,,
"CEM00043466","COLOMBO, CE","6.9","79.867","7.0","2017-11",,,"12","9",,,"0","27","1",,"3.27","91",,,"10.00",,"86.5",
"CEM00043466","COLOMBO, CE","6.9","79.867","7.0","2017-12",,,"10","8",,,"0","28","6",,"2.23","91",,,"7.76",,"88.1",
"CEM00043466","COLOMBO, CE","6.9","79.867","7.0","2018-01",,,"5","3",,,"0","27","2",,"0.72","91",,,"1.78",,"88.0",
"CEM00043466","COLOMBO, CE","6.9","79.867","7.0","2018-02",,,"9","3",,,"0","26","7",,"1.23","94",,,"2.32",,"89.3",
"CEM00043466","COLOMBO, CE","6.9","79.867","7.0","2018-03",,,"12","7",,,"0","30","6",,"2.00","91",,,"4.74",,"88.9",
"CEM00043466","COLOMBO, CE","6.9","79.867","7.0","2018-04",,,"17","12",,,"0","30","17",,"1.96","92",,,"10.44",,"89.8",
"CEM00043466","COLOMBO, CE","6.9","79.867","7.0","2018-05",,,"25","21",,,"0","28","4",,"2.30","92",,,"16.24",,"87.6",
"CEM00043466","COLOMBO, CE","6.9","79.867","7.0","2018-06",,,"26","17",,,"0","30","0",,"0.79","88",,,"6.38",,"86.9",
"CEM00043466","COLOMBO, CE","6.9","79.867","7.0","2018-07",,"463","4","3","0","0","0","30","0","74","1.19","88","0","0","2.44","82.8","86.1","79.6"
"CEM00043466","COLOMBO, CE","6.9","79.867","7.0","2018-08",,,"10","7",,,,,,,"0.74",,,,"2.77",,,
"CEM00043466","COLOMBO, CE","6.9","79.867","7.0","2018-09",,,"8","6",,,,,,,"3.36",,,,"5.27",,,
"CEM00043466","COLOMBO, CE","6.9","79.867","7.0","2019-01","435","435","3","1","0","0","0","26","8","72","0.52","94",,"0","0.60","81.7","89.0","74.4"
"CEM00043466","COLOMBO, CE","6.9","79.867","7.0","2019-02",,,"6","5","0","0",,,,"74","2.78",,,,"6.17",,,"76.3"
"CEM00043441","KURUNEGALA, CE","7.467","80.367","116.0","2010-02",,,"2","0",,,,,,,"0.04",,,,"0.06",,,
"CEM00043441","KURUNEGALA, CE","7.467","80.367","116.0","2010-03",,,"7","7",,,"0","26","26",,"3.19","102",,,"6.52",,"97.6",
"CEM00043441","KURUNEGALA, CE","7.467","80.367","116.0","2010-04",,"519","18","12","0","0","0","29","27","70","1.97","96",,"0","10.22","83.5","93.3","73.7"
"CEM00043441","KURUNEGALA, CE","7.467","80.367","116.0","2010-05",,"529","15","12","0","0","0","30","19","69","2.27","95",,"0","5.51","82.6","90.6","74.7"
"CEM00043441","KURUNEGALA, CE","7.467","80.367","116.0","2010-06",,"476","15","12","0","0","0","30","9","70","1.11","92",,"0","5.66","81.4","88.8","74.0"
"CEM00043441","KURUNEGALA, CE","7.467","80.367","116.0","2010-07",,"477","13","9","0","0","0","30","6","70","1.09","93","0","0","4.44","80.9","88.4","73.5"
"CEM00043441","KURUNEGALA, CE","7.467","80.367","116.0","2010-08",,"465","15","6","0","0","0","30","9","71","1.41","95","0","0","4.73","81.0","88.0","74.1"
"CEM00043441","KURUNEGALA, CE","7.467","80.367","116.0","2010-09",,"445","14","6","0","0","0","28","10","70","3.18","92","0","0","6.76","80.9","88.7","73.2"
"CEM00043441","KURUNEGALA, CE","7.467","80.367","116.0","2010-10",,"471","19","13","0","0","0","31","6","70","4.07","92","0","0","12.37","80.2","88.1","72.3"
"CEM00043441","KURUNEGALA, CE","7.467","80.367","116.0","2010-11",,"416","24","17","0","0","0","30","7","68","5.33","91","0","0","21.59","79.3","87.6","71.1"
"CEM00043441","KURUNEGALA, CE","7.467","80.367","116.0","2010-12",,"362","20","13","0","0","0","30","1","65","2.57","90","0","0","12.63","77.1","84.1","70.1"
"CEM00043441","KURUNEGALA, CE","7.467","80.367","116.0","2011-01","318","318","17","10","0","0","0","27","2","58","2.83","90","0","0","6.42","76.5","85.2","67.8"
"CEM00043441","KURUNEGALA, CE","7.467","80.367","116.0","2011-02","687","369","10","8","0","0","0","27","16","66","2.25","94","0","0","6.83","78.7","87.9","69.5"
"CEM00043441","KURUNEGALA, CE","7.467","80.367","116.0","2011-03","1176","488","8","6","0","0","0","29","27","66","1.88","96","0","0","3.12","81.9","93.4","70.3"
"CEM00043441","KURUNEGALA, CE","7.467","80.367","116.0","2011-04","1667","491","20","17","0","0","0","30","24","68","5.69","95","0","0","25.00","81.4","91.6","71.2"
"CEM00043441","KURUNEGALA, CE","7.467","80.367","116.0","2011-05","2171","504","11","8","0","0","0","29","22","71","3.33","95","0","0","8.13","82.4","91.4","73.4"
"CEM00043441","KURUNEGALA, CE","7.467","80.367","116.0","2011-06",,,"10","7",,,,,,,"1.43",,,,"3.58",,,
"CEM00043441","KURUNEGALA, CE","7.467","80.367","116.0","2011-07",,"525","9","3","0","0","0","31","16","70","0.87","92","0","0","1.44","81.9","89.8","74.1"
"CEM00043441","KURUNEGALA, CE","7.467","80.367","116.0","2011-08",,"514","15","7","0","0","0","31","19","72","0.59","93","0","0","3.04","81.6","89.5","73.7"
"CEM00043441","KURUNEGALA, CE","7.467","80.367","116.0","2011-09",,"431","12","8","0","0","0","27","13","70","2.19","92","0","0","5.99","81.0","89.1","72.8"
"CEM00043441","KURUNEGALA, CE","7.467","80.367","116.0","2011-10",,"451","14","12","0","0","0","29","19","69","1.36","95","0","0","6.04","81.8","91.5","72.0"
"CEM00043441","KURUNEGALA, CE","7.467","80.367","116.0","2011-11",,"417","13","7","0","0","0","29","13","66","10.69","93","0","0","15.22","79.4","89.0","69.8"
"CEM00043441","KURUNEGALA, CE","7.467","80.367","116.0","2011-12",,"360","10","8","0","0","0","28","8","58","1.56","92","0","0","2.82","78.3","87.8","68.9"
"CEM00043441","KURUNEGALA, CE","7.467","80.367","116.0","2012-01","418","418","4","1","0","0","0","31","18","64","0.29","93","0","0","0.47","78.9","89.9","68.0"
"CEM00043441","KURUNEGALA, CE","7.467","80.367","116.0","2012-02","853","435","8","6","0","0","0","29","22","66","3.08","95","0","0","5.65","80.5","90.7","70.4"
"CEM00043441","KURUNEGALA, CE","7.467","80.367","116.0","2012-03","1369","516","7","5","0","0","0","31","30","69","1.51","97","0","0","3.97","83.4","94.1","72.8"
"CEM00043441","KURUNEGALA, CE","7.467","80.367","116.0","2012-04","1818","449","22","18","0","0","0","28","22","71","1.60","94","0","0","9.58","82.4","91.4","73.4"
"CEM00043441","KURUNEGALA, CE","7.467","80.367","116.0","2012-05","2423","605","4","1","0","0","0","31","27","72","0.28","94","0","0","0.33","84.5","92.3","76.7"
"CEM00043441","KURUNEGALA, CE","7.467","80.367","116.0","2012-06","2892","469","17","12","0","0","0","29","14","73","1.59","95","0","0","5.11","83.0","89.7","76.3"
"CEM00043441","KURUNEGALA, CE","7.467","80.367","116.0","2012-07","3438","546","10","5","0","0","0","31","9","72","0.71","94","0","0","2.61","82.6","89.1","76.2"
"CEM00043441","KURUNEGALA, CE","7.467","80.367","116.0","2012-08","3947","509","12","7","0","0","0","31","13","72","1.16","94","0","0","3.89","82.5","89.8","75.2"
"CEM00043441","KURUNEGALA, CE","7.467","80.367","116.0","2012-09","4490","543","12","4","0","0","0","30","21","71","0.39","94","0","0","1.24","83.1","90.6","75.6"
"CEM00043441","KURUNEGALA, CE","7.467","80.367","116.0","2012-10","5024","533","21","16","0","0","0","31","21","72","2.31","96","0","0","12.55","82.2","90.8","73.6"
"CEM00043441","KURUNEGALA, CE","7.467","80.367","116.0","2012-11","5481","457","17","13","0","0","0","30","12","70","1.98","93","0","0","9.69","80.2","88.2","72.3"
"CEM00043441","KURUNEGALA, CE","7.467","80.367","116.0","2012-12","5900","418","16","11","0","0","0","29","4","66","9.57","91","0","0","23.24","79.4","86.8","71.9"
"CEM00043441","KURUNEGALA, CE","7.467","80.367","116.0","2013-01","361","361","10","7","0","0","0","28","2","62","2.85","90","0","0","7.09","77.9","86.1","69.7"
"CEM00043441","KURUNEGALA, CE","7.467","80.367","116.0","2013-02","749","388","7","6","0","0","0","26","18","68","0.84","94","0","0","2.07","81.0","90.3","71.7"
"CEM00043441","KURUNEGALA, CE","7.467","80.367","116.0","2013-03","1328","580","12","11","0","0","0","31","29","72","2.35","97","0","0","6.29","83.7","93.5","73.9"
"CEM00043441","KURUNEGALA, CE","7.467","80.367","116.0","2013-04","1919","591","9","9","0","0","0","30","29","72","0.97","96","0","0","5.22","84.7","93.4","76.0"
"CEM00043441","KURUNEGALA, CE","7.467","80.367","116.0","2013-05","2416","497","14","8","0","0","0","29","18","74","3.80","93","0","0","9.11","83.2","89.3","77.1"
"CEM00043441","KURUNEGALA, CE","7.467","80.367","116.0","2013-06","2859","443","21","16","0","0","0","30","0","72","0.85","89","0","0","7.65","80.8","86.3","75.4"
"CEM00043441","KURUNEGALA, CE","7.467","80.367","116.0","2013-07","3338","479","19","7","0","0","0","31","3","72","0.68","91","0","0","2.55","81.4","87.4","75.5"
"CEM00043441","KURUNEGALA, CE","7.467","80.367","116.0","2013-08","3844","505","7","3","0","0","0","30","13","71","0.45","98","0","0","0.96","82.4","89.8","74.9"
"CEM00043441","KURUNEGALA, CE","7.467","80.367","116.0","2013-09","4301","457","19","15","0","0","0","30","6","72","2.46","93","0","0","8.94","80.7","87.1","74.4"
"CEM00043441","KURUNEGALA, CE","7.467","80.367","116.0","2013-10","4803","502","15","10","0","0","0","30","15","71","5.63","92","0","0","10.59","81.8","89.2","74.3"
"CEM00043441","KURUNEGALA, CE","7.467","80.367","116.0","2013-11","5255","452","11","6","0","0","0","28","16","69","2.48","92","0","0","8.23","81.1","89.7","72.5"
"CEM00043441","KURUNEGALA, CE","7.467","80.367","116.0","2013-12","5641","386","7","5","0","0","0","28","1","68","0.53","92","0","0","1.32","78.8","86.2","71.4"
"CEM00043441","KURUNEGALA, CE","7.467","80.367","116.0","2014-01","411","411","6","3","0","0","0","29","6","66","0.41","92","0","0","1.08","79.7","88.4","71.0"
"CEM00043441","KURUNEGALA, CE","7.467","80.367","116.0","2014-02","859","448","1","1","0","0","0","28","27","62","0.20","97","0","0","0.20","81.6","93.3","69.9"
"CEM00043441","KURUNEGALA, CE","7.467","80.367","116.0","2014-03","1422","564","4","2","0","0","0","30","30","68","1.55","101","0","0","2.49","84.5","96.0","72.9"
"CEM00043441","KURUNEGALA, CE","7.467","80.367","116.0","2014-04","1937","514","20","16","0","0","0","30","30","71","3.31","100","0","0","21.32","84.0","93.8","74.3"
"CEM00043441","KURUNEGALA, CE","7.467","80.367","116.0","2014-05","2514","578","14","8","0","0","0","31","24","73","2.00","94","0","0","7.68","83.6","91.0","76.3"
"CEM00043441","KURUNEGALA, CE","7.467","80.367","116.0","2014-06","3047","533","11","6","0","0","0","29","13","74","0.57","92","0","0","2.02","83.4","89.3","77.5"
"CEM00043441","KURUNEGALA, CE","7.467","80.367","116.0","2014-07","3603","555","14","4","0","0","0","31","11","73","0.87","91","0","0","2.60","82.9","88.8","77.0"
"CEM00043441","KURUNEGALA, CE","7.467","80.367","116.0","2014-08","4070","467","14","9","0","0","0","30","1","73","2.18","90","0","0","6.80","81.5","87.8","75.3"
"CEM00043441","KURUNEGALA, CE","7.467","80.367","116.0","2014-09","4549","480","17","12","0","0","0","30","10","72","2.09","93","0","0","5.10","82.1","89.2","75.0"
"CEM00043441","KURUNEGALA, CE","7.467","80.367","116.0","2014-10","5046","497","25","19","0","0","0","31","11","71","6.40","92","0","0","27.17","81.0","88.6","73.4"
"CEM00043441","KURUNEGALA, CE","7.467","80.367","116.0","2014-11","5463","417","19","17","0","0","0","30","5","67","1.52","91","0","0","7.81","78.9","85.6","72.2"
"CEM00043441","KURUNEGALA, CE","7.467","80.367","116.0","2014-12","5856","393","24","18","0","0","0","31","5","69","4.66","92","0","0","23.22","78.2","84.5","71.9"
"CEM00043441","KURUNEGALA, CE","7.467","80.367","116.0","2015-01","446","446","1","1","0","0","0","30","17","64","0.23","93","0","0","0.23","79.9","89.8","69.9"
"CEM00043441","KURUNEGALA, CE","7.467","80.367","116.0","2015-02","871","424","7","5","0","0","0","27","22","62","0.39","94","0","0","1.33","80.7","91.0","70.4"
"CEM00043441","KURUNEGALA, CE","7.467","80.367","116.0","2015-03","1419","548","6","3","0","0","0","30","29","69","3.56","98","0","0","5.99","83.3","94.1","72.4"
"CEM00043441","KURUNEGALA, CE","7.467","80.367","116.0","2015-05",,"486","12","6","0","0","0","29","23","73","3.85","94",,"0","6.26","83.7","91.1","76.3"
"CEM00043441","KURUNEGALA, CE","7.467","80.367","116.0","2015-06",,"527","18","9","0","0","0","29","17","72","0.69","94",,"0","2.54","83.2","90.0","76.3"
"CEM00043441","KURUNEGALA, CE","7.467","80.367","116.0","2015-07",,"529","11","3","0","0","0","28","21","76","0.46","94","0","0","1.25","83.9","90.7","77.1"
"CEM00043441","KURUNEGALA, CE","7.467","80.367","116.0","2015-08",,"525","12","7","0","0","0","28","22","71","0.80","96","0","0","2.44","83.7","91.3","76.1"
"CEM00043441","KURUNEGALA, CE","7.467","80.367","116.0","2015-09",,"497","14","7","0","0","0","28","14","72","2.48","94","0","0","4.39","82.7","90.1","75.3"
"CEM00043441","KURUNEGALA, CE","7.467","80.367","116.0","2015-10",,"518","22","19","0","0","0","31","19","71","1.83","94","0","0","11.56","81.7","89.3","74.1"
"CEM00043441","KURUNEGALA, CE","7.467","80.367","116.0","2015-11",,"478","18","14","0","0","0","30","15","71","2.10","92","0","0","14.52","80.9","88.5","73.4"
"CEM00043441","KURUNEGALA, CE","7.467","80.367","116.0","2015-12",,"462","19","12","0","0","0","30","6","67","3.04","93","0","0","11.37","80.4","88.2","72.6"
"CEM00043441","KURUNEGALA, CE","7.467","80.367","116.0","2016-01","426","426","3","0","0","0","0","26","19","67","0.07","96","0","0","0.19","81.4","91.2","71.6"
"CEM00043441","KURUNEGALA, CE","7.467","80.367","116.0","2016-02","934","508","6","2","0","0","0","28","26","66","0.83","97","0","0","1.17","83.1","93.8","72.5"
"CEM00043441","KURUNEGALA, CE","7.467","80.367","116.0","2016-03","1548","614","9","7","0","0","0","29","29","72","2.07","100","0","0","7.32","86.2","97.3","75.1"
"CEM00043441","KURUNEGALA, CE","7.467","80.367","116.0","2016-04","2066","518","13","11","0","0","0","27","27","72","2.63","97","0","0","8.58","85.6","95.1","76.2"
"CEM00043441","KURUNEGALA, CE","7.467","80.367","116.0","2016-05",,,"23","19",,,"0","28","16",,"4.04","96",,,"22.40",,"90.0",
"CEM00043441","KURUNEGALA, CE","7.467","80.367","116.0","2016-06",,"443","15","8","0","0","0","26","7","74","1.32","91",,"0","4.43","82.8","88.8","76.7"
"CEM00043441","KURUNEGALA, CE","7.467","80.367","116.0","2016-11",,"401","15","10","0","0","0","26","11","68","5.24","93",,"0","13.56","80.4","88.1","72.8"
"CEM00043441","KURUNEGALA, CE","7.467","80.367","116.0","2016-12",,"423","7","3","0","0","0","27","15","62","0.55","92",,"0","1.04","80.7","89.9","71.4"
"CEM00043441","KURUNEGALA, CE","7.467","80.367","116.0","2017-02",,,"4","3","0","0","0","23","14","65","1.19","96",,,"1.56","80.2","90.6","69.8"
"CEM00043441","KURUNEGALA, CE","7.467","80.367","116.0","2017-03",,,"15","10","0","0","0","28","25","67","3.35","95",,,"11.96","82.7","92.7","72.7"
"CEM00043441","KURUNEGALA, CE","7.467","80.367","116.0","2017-04",,"529","6","5","0","0","0","30","30","73","2.59","99",,"0","5.05","85.3","94.3","76.3"
"CEM00043441","KURUNEGALA, CE","7.467","80.367","116.0","2017-05",,,"12","6",,,"0","26","20",,"2.35","98",,,"5.70",,"91.7",
"CEM00043441","KURUNEGALA, CE","7.467","80.367","116.0","2017-08",,,"13","6",,,,,,,"1.10",,,,"3.15",,,
"CEM00043441","KURUNEGALA, CE","7.467","80.367","116.0","2017-10",,,"19","12",,,,,,,"1.95",,,,"10.91",,,
"CEM00043441","KURUNEGALA, CE","7.467","80.367","116.0","2017-12",,"455","13","8","0","0","0","30","7","67","2.99","90",,"0","6.16","80.2","88.3","72.0"
"CEM00043441","KURUNEGALA, CE","7.467","80.367","116.0","2018-01",,,"3","0",,,,,,,"0.09",,,,"0.24",,,
"CEM00043441","KURUNEGALA, CE","7.467","80.367","116.0","2018-02",,"445","5","3","0","0","0","25","24","65","0.34","96",,"0","0.70","82.7","93.7","71.6"
"CEM00043441","KURUNEGALA, CE","7.467","80.367","116.0","2018-03",,"503","11","9","0","0","0","31","28","71","1.24","97",,"0","5.82","84.2","94.2","74.1"
"CEM00043441","KURUNEGALA, CE","7.467","80.367","116.0","2018-04",,"498","14","10","0","0","0","27","27","72","1.38","96",,"0","5.46","84.1","94.0","74.2"
"CEM00043441","KURUNEGALA, CE","7.467","80.367","116.0","2018-05",,"443","23","21","0","0","0","29","16","72","5.17","94",,"0","24.33","82.1","89.5","74.7"
"CEM00043441","KURUNEGALA, CE","7.467","80.367","116.0","2018-06",,"472","22","11","0","0","0","27","3","74","1.91","90",,"0","5.90","82.5","88.6","76.4"
"CEM00043441","KURUNEGALA, CE","7.467","80.367","116.0","2018-07",,,"6","2","0","0","0","26","7","72","0.80","92",,,"1.22","82.5","88.4","76.6"
"CEM00043441","KURUNEGALA, CE","7.467","80.367","116.0","2018-08",,,"5","4",,,,,,,"0.91",,,,"2.34",,,
"CEM00043441","KURUNEGALA, CE","7.467","80.367","116.0","2019-01",,,"0","0","0","0",,,,"65","0.00",,,,"0.00",,,"70.7"
"CEM00043441","KURUNEGALA, CE","7.467","80.367","116.0","2019-02",,,"3","2","0","0",,,,"67","2.51",,,,"2.95",,,"72.8"
"CE000434730","NUWARA ELIYA, CE","6.967","80.767","1880.0","2010-01",,,"13","5",,,,,,,"1.00",,,,"2.94",,,
"CE000434730","NUWARA ELIYA, CE","6.967","80.767","1880.0","2010-02",,,"4","2",,,"0","15","0",,"0.38","76",,,"0.83",,"71.8",
"CE000434730","NUWARA ELIYA, CE","6.967","80.767","1880.0","2010-03",,,"7","5",,,"0","24","0",,"2.43","79",,,"3.85",,"73.5",
"CE000434730","NUWARA ELIYA, CE","6.967","80.767","1880.0","2010-04",,"2","18","11","0","0","0","27","0","50","2.02","76",,"26","5.83","63.9","72.5","55.3"
"CE000434730","NUWARA ELIYA, CE","6.967","80.767","1880.0","2010-05",,,"21","17",,,"0","18","0",,"2.11","77",,,"10.30",,"71.2",
"CE000434730","NUWARA ELIYA, CE","6.967","80.767","1880.0","2010-06",,,"20","16",,,"0","10","0",,"2.24","76",,,"12.33",,"68.2",
"CE000434730","NUWARA ELIYA, CE","6.967","80.767","1880.0","2010-07",,"0","23","16","0","0","0","7","0","52","0.95","73","119","119","7.91","60.8","65.9","55.8"
"CE000434730","NUWARA ELIYA, CE","6.967","80.767","1880.0","2010-08",,"0","19","12","0","0","0","5","0","53","1.89","73","219","100","6.95","61.3","66.3","56.4"
"CE000434730","NUWARA ELIYA, CE","6.967","80.767","1880.0","2010-09",,"0","20","11","0","0","0","2","0","52","1.62","74","319","100","6.27","61.2","67.0","55.4"
"CE000434730","NUWARA ELIYA, CE","6.967","80.767","1880.0","2010-10",,,"16","11",,,"0","8","0",,"1.30","73",,,"8.41",,"67.4",
"CE000434730","NUWARA ELIYA, CE","6.967","80.767","1880.0","2010-11",,"0","20","16","0","0","0","4","0","46","1.46","72",,"111","10.65","60.7","67.8","53.5"
"CE000434730","NUWARA ELIYA, CE","6.967","80.767","1880.0","2010-12",,,"21","17","0","0","0","1","0","47","2.85","71",,,"11.24","59.4","65.3","53.5"
"CE000434730","NUWARA ELIYA, CE","6.967","80.767","1880.0","2011-01",,,"21","15","0","0","0","0","0","41","4.16","69",,,"12.35","58.9","65.4","52.4"
"CE000434730","NUWARA ELIYA, CE","6.967","80.767","1880.0","2011-02",,"0","10","8","0","0","0","15","0","46","3.39","73",,"116","9.61","60.0","68.6","51.3"
"CE000434730","NUWARA ELIYA, CE","6.967","80.767","1880.0","2011-03",,"0","16","7","0","0","0","16","0","46","0.84","72",,"115","2.77","60.6","69.8","51.4"
"CE000434730","NUWARA ELIYA, CE","6.967","80.767","1880.0","2011-04",,"0","20","11","0","0","0","22","0","43","2.31","72",,"97","6.96","61.4","70.5","52.4"
"CE000434730","NUWARA ELIYA, CE","6.967","80.767","1880.0","2011-05",,"1","11","6","0","0","0","22","0","49","0.56","74",,"58","2.09","63.0","71.3","54.7"
"CE000434730","NUWARA ELIYA, CE","6.967","80.767","1880.0","2011-06",,,"13","4",,,,,,,"1.02",,,,"2.25",,,
"CE000434730","NUWARA ELIYA, CE","6.967","80.767","1880.0","2011-07",,"0","23","11","0","0","0","2","0","53","1.76","71","126","126","3.98","60.7","65.3","56.2"
"CE000434730","NUWARA ELIYA, CE","6.967","80.767","1880.0","2011-08",,"0","22","6","0","0","0","0","0","53","0.35","70","233","107","1.67","61.4","66.7","56.2"
"CE000434730","NUWARA ELIYA, CE","6.967","80.767","1880.0","2011-09",,"0","18","9","0","0","0","11","0","50","0.95","75","320","87","3.20","61.8","68.5","55.0"
"CE000434730","NUWARA ELIYA, CE","6.967","80.767","1880.0","2011-10",,,"17","14","0","0","0","14","0","49","1.47","74",,,"10.14","61.4","69.6","53.3"
"CE000434730","NUWARA ELIYA, CE","6.967","80.767","1880.0","2011-11",,"0","17","13","0","0","0","7","0","45","2.81","72",,"127","6.99","60.2","67.0","53.3"
"CE000434730","NUWARA ELIYA, CE","6.967","80.767","1880.0","2011-12",,,"18","9",,,"0","9","0",,"1.53","80",,,"5.24",,"67.9",
"CE000434730","NUWARA ELIYA, CE","6.967","80.767","1880.0","2012-01","0","0","6","4","0","0","0","12","0","37","1.25","74",,"180","1.86","58.3","69.4","47.2"
"CE000434730","NUWARA ELIYA, CE","6.967","80.767","1880.0","2012-02",,,"10","7",,,"0","5","0",,"1.03","74",,,"3.63",,"68.6",
"CE000434730","NUWARA ELIYA, CE","6.967","80.767","1880.0","2012-03",,,"5","3",,,"0","29","0",,"0.54","75",,,"1.15",,"72.2",
"CE000434730","NUWARA ELIYA, CE","6.967","80.767","1880.0","2012-04",,"0","19","12","0","0","0","19","0","48","1.31","74",,"85","8.06","62.0","70.5","53.4"
"CE000434730","NUWARA ELIYA, CE","6.967","80.767","1880.0","2012-05",,"12","2","2","0","0","0","26","1","49","0.44","90",,"48","0.61","63.6","73.1","54.2"
"CE000434730","NUWARA ELIYA, CE","6.967","80.767","1880.0","2012-06",,"1","17","5","0","0","0","1","0","54","0.25","74",,"88","1.14","61.9","67.3","56.5"
"CE000434730","NUWARA ELIYA, CE","6.967","80.767","1880.0","2012-07",,"0","16","7","0","0","0","5","0","53","1.70","74","97","97","3.65","61.5","66.9","56.0"
"CE000434730","NUWARA ELIYA, CE","6.967","80.767","1880.0","2012-08",,"0","19","9","0","0","0","6","0","49","0.59","74","203","106","3.06","61.4","67.4","55.5"
"CE000434730","NUWARA ELIYA, CE","6.967","80.767","1880.0","2012-09",,"0","20","5","0","0","0","8","0","51","0.61","74","286","83","2.15","61.9","68.6","55.2"
"CE000434730","NUWARA ELIYA, CE","6.967","80.767","1880.0","2012-10",,"0","25","20","0","0","0","12","0","50","3.27","75","386","100","17.53","61.3","68.8","53.9"
"CE000434730","NUWARA ELIYA, CE","6.967","80.767","1880.0","2012-11",,"0","18","12","0","0","0","8","0","47","2.87","72","493","107","11.87","60.9","68.7","53.0"
"CE000434730","NUWARA ELIYA, CE","6.967","80.767","1880.0","2012-12",,"0","22","14","0","0","0","4","0","44","4.50","71","630","137","14.38","60.0","66.0","54.0"
"CE000434730","NUWARA ELIYA, CE","6.967","80.767","1880.0","2013-01",,,"13","10",,,"0","10","0",,"2.72","72",,,"8.19",,"67.8",
"CE000434730","NUWARA ELIYA, CE","6.967","80.767","1880.0","2013-02",,,"11","6","0","0","0","8","0","44","1.70","72",,,"5.85","59.4","68.4","50.5"
"CE000434730","NUWARA ELIYA, CE","6.967","80.767","1880.0","2013-03",,"0","17","11","0","0","0","24","0","45","1.31","80",,"79","5.25","61.8","71.3","52.3"
"CE000434730","NUWARA ELIYA, CE","6.967","80.767","1880.0","2013-04",,"6","11","6","0","0","0","30","0","47","2.50","85",,"49","4.81","63.2","74.1","52.2"
"CE000434730","NUWARA ELIYA, CE","6.967","80.767","1880.0","2013-05",,,"20","7",,,"0","16","0",,"2.73","77",,,"6.23",,"70.8",
"CE000434730","NUWARA ELIYA, CE","6.967","80.767","1880.0","2013-06",,"0","26","22","0","0","0","0","0","52","2.36","70",,"149","17.96","60.0","63.6","56.5"
"CE000434730","NUWARA ELIYA, CE","6.967","80.767","1880.0","2013-07",,"0","24","15","0","0","0","1","0","50","0.99","70","147","147","6.60","60.0","64.0","56.0"
"CE000434730","NUWARA ELIYA, CE","6.967","80.767","1880.0","2013-08",,"0","16","9","0","0","0","6","0","50","2.02","72","251","105","6.89","61.0","67.2","54.8"
"CE000434730","NUWARA ELIYA, CE","6.967","80.767","1880.0","2013-09",,"0","18","15","0","0","0","7","0","47","1.20","74","388","137","7.07","60.0","65.6","54.3"
"CE000434730","NUWARA ELIYA, CE","6.967","80.767","1880.0","2013-10",,"0","18","11","0","0","0","11","0","49","1.65","73","506","118","6.77","60.8","68.0","53.6"
"CE000434730","NUWARA ELIYA, CE","6.967","80.767","1880.0","2013-11",,"0","14","9","0","0","0","4","0","45","2.26","72","628","122","5.72","60.2","68.2","52.2"
"CE000434730","NUWARA ELIYA, CE","6.967","80.767","1880.0","2013-12",,,"14","10",,,"0","3","0",,"0.84","71",,,"3.43",,"66.6",
"CE000434730","NUWARA ELIYA, CE","6.967","80.767","1880.0","2014-01",,,"8","5",,,"0","1","0",,"0.61","72",,,"2.24",,"67.5",
"CE000434730","NUWARA ELIYA, CE","6.967","80.767","1880.0","2014-02",,,"6","1",,,"0","16","0",,"0.18","76",,,"0.39",,"70.7",
"CE000434730","NUWARA ELIYA, CE","6.967","80.767","1880.0","2014-03",,"0","6","5","0","0","0","22","0","46","0.85","76",,"94","1.81","61.7","71.2","52.2"
"CE000434730","NUWARA ELIYA, CE","6.967","80.767","1880.0","2014-04",,,"12","7","0","0","0","28","0","48","1.50","76",,,"5.26","62.4","72.9","52.0"
"CE000434730","NUWARA ELIYA, CE","6.967","80.767","1880.0","2014-05",,"1","16","10","0","0","0","27","0","51","1.96","76",,"39","6.33","63.6","72.0","55.2"
"CE000434730","NUWARA ELIYA, CE","6.967","80.767","1880.0","2014-06",,,"17","7","0","0","0","1","0","52","1.37","74",,,"6.12","61.9","66.5","57.3"
"CE000434730","NUWARA ELIYA, CE","6.967","80.767","1880.0","2014-07",,"0","18","10","0","0","0","0","0","53","0.66","69","121","121","3.35","60.8","64.9","56.6"
"CE000434730","NUWARA ELIYA, CE","6.967","80.767","1880.0","2014-08",,"0","14","9","0","0","0","8","0","52","1.92","72","219","98","4.57","61.4","67.0","55.8"
"CE000434730","NUWARA ELIYA, CE","6.967","80.767","1880.0","2014-09",,"0","22","12","0","0","0","12","0","52","1.75","74","312","93","6.89","61.7","68.2","55.1"
"CE000434730","NUWARA ELIYA, CE","6.967","80.767","1880.0","2014-10",,"0","26","18","0","0","0","9","0","51","1.75","74","398","86","10.88","61.9","69.0","54.7"
"CE000434730","NUWARA ELIYA, CE","6.967","80.767","1880.0","2014-11",,"0","23","19","0","0","0","6","0","46","0.85","72","520","122","8.05","60.6","66.8","54.4"
"CE000434730","NUWARA ELIYA, CE","6.967","80.767","1880.0","2014-12",,,"25","16",,,"0","7","0",,"3.13","72",,,"17.44",,"66.4",
"CE000434730","NUWARA ELIYA, CE","6.967","80.767","1880.0","2015-01","0","0","3","0","0","0","0","7","0","42","0.05","72",,"179","0.07","58.5","69.1","47.9"
"CE000434730","NUWARA ELIYA, CE","6.967","80.767","1880.0","2015-02","0","0","15","10","0","0","0","3","0","38","1.04","71",,"146","5.73","58.9","67.5","50.2"
"CE000434730","NUWARA ELIYA, CE","6.967","80.767","1880.0","2015-03",,,"7","5",,,"0","23","0",,"0.73","74",,,"1.69",,"71.0",
"CE000434730","NUWARA ELIYA, CE","6.967","80.767","1880.0","2015-05",,,"18","9","0","0","0","22","0","51","3.44","75",,,"8.03","63.6","71.3","56.0"
"CE000434730","NUWARA ELIYA, CE","6.967","80.767","1880.0","2015-06",,,"17","10","0","0","0","11","0","53","1.20","75",,,"5.02","62.9","68.6","57.1"
"CE000434730","NUWARA ELIYA, CE","6.967","80.767","1880.0","2015-07",,"0","22","9","0","0","0","6","0","50","1.37","74","94","94","3.88","61.4","66.9","55.9"
"CE000434730","NUWARA ELIYA, CE","6.967","80.767","1880.0","2015-08",,,"19","9","0","0",,,,"51","1.19",,,,"2.95",,,"56.2"
"CE000434730","NUWARA ELIYA, CE","6.967","80.767","1880.0","2015-09",,"0","23","17","0","0","0","10","0","53","1.85","74",,"69","9.06","62.3","68.6","55.9"
"CE000434730","NUWARA ELIYA, CE","6.967","80.767","1880.0","2015-10",,"0","27","20","0","0","0","16","0","52","2.75","73",,"72","12.73","62.3","69.3","55.3"
"CE000434730","NUWARA ELIYA, CE","6.967","80.767","1880.0","2015-11",,,"19","14",,,"0","6","0",,"2.38","74",,,"10.33",,"68.8",
"CE000434730","NUWARA ELIYA, CE","6.967","80.767","1880.0","2015-12",,,"20","14",,,"0","3","0",,"2.83","71",,,"10.43",,"67.4",
"CE000434730","NUWARA ELIYA, CE","6.967","80.767","1880.0","2016-01",,,"9","4",,,"0","15","0",,"0.79","84",,,"2.06",,"70.5",
"CE000434730","NUWARA ELIYA, CE","6.967","80.767","1880.0","2016-02",,,"7","5",,,"0","13","0",,"0.97","89",,,"2.65",,"70.6",
"CE000434730","NUWARA ELIYA, CE","6.967","80.767","1880.0","2016-03",,,"5","4",,,"0","29","0",,"1.81","77",,,"2.67",,"74.4",
"CE000434730","NUWARA ELIYA, CE","6.967","80.767","1880.0","2016-04",,,"5","2",,,"0","26","0",,"0.59","86",,,"0.86",,"75.4",
"CE000434730","NUWARA ELIYA, CE","6.967","80.767","1880.0","2016-05",,"2","25","17","0","0","0","12","0","51","2.70","76",,"40","15.91","63.6","69.6","57.7"
"CE000434730","NUWARA ELIYA, CE","6.967","80.767","1880.0","2016-06",,"0","20","12","0","0","0","1","0","55","0.45","70",,"96","3.30","61.4","65.4","57.5"
"CE000434730","NUWARA ELIYA, CE","6.967","80.767","1880.0","2016-07",,,"18","10","0","0","0","3","0","54","0.87","74",,,"4.65","61.7","66.8","56.5"
"CE000434730","NUWARA ELIYA, CE","6.967","80.767","1880.0","2016-08",,,"14","7",,,,,,,"0.61",,,,"2.06",,,
"CE000434730","NUWARA ELIYA, CE","6.967","80.767","1880.0","2016-09",,,"11","4",,,"0","2","0",,"0.66","71",,,"1.47",,"66.8",
"CE000434730","NUWARA ELIYA, CE","6.967","80.767","1880.0","2016-10",,,"14","4","0","0","0","8","0","50","0.57","72",,,"1.79","60.6","68.6","52.7"
"CE000434730","NUWARA ELIYA, CE","6.967","80.767","1880.0","2016-11",,,"17","7",,,"0","6","0",,"1.55","72",,,"5.34",,"67.8",
"CE000434730","NUWARA ELIYA, CE","6.967","80.767","1880.0","2016-12",,,"11","5",,,"0","13","0",,"0.58","74",,,"1.71",,"68.6",
"CE000434730","NUWARA ELIYA, CE","6.967","80.767","1880.0","2017-01",,,"10","6",,,"0","8","0",,"1.30","73",,,"3.59",,"67.7",
"CE000434730","NUWARA ELIYA, CE","6.967","80.767","1880.0","2017-02",,,"7","5","0","0","0","15","0","34","1.11","75",,,"2.36","57.6","69.7","45.6"
"CE000434730","NUWARA ELIYA, CE","6.967","80.767","1880.0","2017-03",,,"16","12","0","0","0","24","0","41","1.40","75",,,"8.90","60.9","71.2","50.5"
"CE000434730","NUWARA ELIYA, CE","6.967","80.767","1880.0","2017-04",,,"5","4",,,"0","28","0",,"1.16","76",,,"2.47",,"73.8",
"CE000434730","NUWARA ELIYA, CE","6.967","80.767","1880.0","2017-05",,,"16","7","0","0","0","18","0","50","2.01","75",,,"6.45","63.2","70.5","55.8"
"CE000434730","NUWARA ELIYA, CE","6.967","80.767","1880.0","2017-06",,"0","19","8","0","0","0","4","0","55","0.47","72",,"74","2.33","62.1","66.9","57.3"
"CE000434730","NUWARA ELIYA, CE","6.967","80.767","1880.0","2017-07",,,"13","7",,,"0","13","0",,"0.42","75",,,"1.41",,"69.5",
"CE000434730","NUWARA ELIYA, CE","6.967","80.767","1880.0","2017-08",,,"21","12",,,"0","9","0",,"0.86","73",,,"4.43",,"67.6",
"CE000434730","NUWARA ELIYA, CE","6.967","80.767","1880.0","2017-09",,,"15","8",,,,,,,"0.88",,,,"5.02",,,
"CE000434730","NUWARA ELIYA, CE","6.967","80.767","1880.0","2017-10",,,"26","13",,,"0","7","0",,"1.44","84",,,"8.08",,"68.5",
"CE000434730","NUWARA ELIYA, CE","6.967","80.767","1880.0","2017-11",,,"14","8",,,"0","4","0",,"2.86","74",,,"9.59",,"67.0",
"CE000434730","NUWARA ELIYA, CE","6.967","80.767","1880.0","2017-12",,,"14","9",,,"0","7","0",,"1.48","72",,,"4.60",,"67.9",
"CE000434730","NUWARA ELIYA, CE","6.967","80.767","1880.0","2018-01",,,"4","2",,,"0","10","0",,"1.94","73",,,"3.63",,"68.8",
"CE000434730","NUWARA ELIYA, CE","6.967","80.767","1880.0","2018-02",,,"10","5",,,"0","14","0",,"0.81","74",,,"2.26",,"69.9",
"CE000434730","NUWARA ELIYA, CE","6.967","80.767","1880.0","2018-03",,,"12","6",,,"0","25","0",,"1.39","82",,,"3.15",,"71.6",
"CE000434730","NUWARA ELIYA, CE","6.967","80.767","1880.0","2018-04",,"0","15","10","0","0","0","29","0","48","1.59","80",,"50","6.63","63.0","72.5","53.5"
"CE000434730","NUWARA ELIYA, CE","6.967","80.767","1880.0","2018-05",,"0","23","19","0","0","0","17","0","53","3.17","75",,"62","14.86","62.9","69.7","56.1"
"CE000434730","NUWARA ELIYA, CE","6.967","80.767","1880.0","2018-06",,"0","27","13","0","0","0","0","0","54","0.99","69",,"100","4.81","61.2","65.1","57.3"
"CE000434730","NUWARA ELIYA, CE","6.967","80.767","1880.0","2018-07",,,"17","12","0","0","0","3","0","53","1.29","79",,,"6.63","61.1","66.4","55.8"
"CE000434730","NUWARA ELIYA, CE","6.967","80.767","1880.0","2018-08",,,"20","14",,,,,,,"2.05",,,,"10.17",,,
"CE000434730","NUWARA ELIYA, CE","6.967","80.767","1880.0","2018-09",,,"15","12",,,,,,,"1.09",,,,"4.83",,,
"CE000434730","NUWARA ELIYA, CE","6.967","80.767","1880.0","2019-01",,,"2","1","0","0","0","13","0","37","2.03","72",,,"2.10","58.4","69.3","47.4"
"CE000434730","NUWARA ELIYA, CE","6.967","80.767","1880.0","2019-02",,,"12","4","0","0",,,,"44","0.99",,,,"1.97",,,"52.0"
"CEM00043418","CHINA BAY, CE","8.539","81.182","1.8","2010-01",,,"10","3",,,,,,,"0.95",,,,"1.87",,,
"CEM00043418","CHINA BAY, CE","8.539","81.182","1.8","2010-02",,,"1","1",,,"0","25","1",,"0.15","90",,,"0.15",,"87.0",
"CEM00043418","CHINA BAY, CE","8.539","81.182","1.8","2010-03",,,"2","0",,,,,,,"0.07",,,,"0.10",,,
"CEM00043418","CHINA BAY, CE","8.539","81.182","1.8","2010-04",,,"1","0",,,"0","26","25",,"0.08","101",,,"0.08",,"95.0",
"CEM00043418","CHINA BAY, CE","8.539","81.182","1.8","2010-05",,,"5","4",,,"0","26","26",,"0.44","101",,,"1.21",,"95.8",
"CEM00043418","CHINA BAY, CE","8.539","81.182","1.8","2010-06",,,"1","1",,,"0","29","29",,"0.76","101",,,"0.76",,"97.0",
"CEM00043418","CHINA BAY, CE","8.539","81.182","1.8","2010-07",,,"3","1",,,"0","28","28",,"0.28","98",,,"0.36",,"95.2",
"CEM00043418","CHINA BAY, CE","8.539","81.182","1.8","2010-08",,,"6","6",,,"0","31","29",,"1.39","100",,,"3.78",,"94.2",
"CEM00043418","CHINA BAY, CE","8.539","81.182","1.8","2010-09",,,"14","8",,,"0","28","20",,"2.60","98",,,"7.72",,"92.6",
"CEM00043418","CHINA BAY, CE","8.539","81.182","1.8","2010-10",,,"12","4",,,"0","29","19",,"1.09","98",,,"2.34",,"90.9",
"CEM00043418","CHINA BAY, CE","8.539","81.182","1.8","2010-11",,,"21","17",,,"0","27","3",,"1.58","92",,,"9.58",,"86.1",
"CEM00043418","CHINA BAY, CE","8.539","81.182","1.8","2010-12",,,"22","17",,,"0","27","1",,"3.72","90",,,"26.19",,"82.4",
"CEM00043418","CHINA BAY, CE","8.539","81.182","1.8","2011-01",,,"19","17",,,"0","28","1",,"6.73","91",,,"22.63",,"81.7",
"CEM00043418","CHINA BAY, CE","8.539","81.182","1.8","2011-02",,,"10","8",,,"0","24","0",,"6.81","88",,,"17.17",,"83.2",
"CEM00043418","CHINA BAY, CE","8.539","81.182","1.8","2011-03",,,"8","5",,,"0","30","4",,"0.22","93",,,"0.86",,"87.9",
"CEM00043418","CHINA BAY, CE","8.539","81.182","1.8","2011-04",,"469","8","6","0","0","0","28","24","74","2.20","93",,"0","7.21","83.8","91.0","76.6"
"CEM00043418","CHINA BAY, CE","8.539","81.182","1.8","2011-05",,"597","2","0","0","0","0","30","30","77","0.03","98",,"0","0.04","87.1","95.5","78.8"
"CEM00043418","CHINA BAY, CE","8.539","81.182","1.8","2011-06",,,"1","0",,,,,,,"0.02",,,,"0.02",,,
"CEM00043418","CHINA BAY, CE","8.539","81.182","1.8","2011-07",,"558","4","2","0","0","0","28","27","74","0.87","99","0","0","1.34","86.6","95.1","78.1"
"CEM00043418","CHINA BAY, CE","8.539","81.182","1.8","2011-08",,,"7","3","0","0","0","30","29","73","1.27","100",,,"2.58","86.4","95.5","77.3"
"CEM00043418","CHINA BAY, CE","8.539","81.182","1.8","2011-09",,,"2","1",,,"0","30","30",,"1.21","102",,,"1.25",,"97.9",
"CEM00043418","CHINA BAY, CE","8.539","81.182","1.8","2011-10",,,"22","18",,,"0","31","15",,"2.46","99",,,"20.04",,"89.9",
"CEM00043418","CHINA BAY, CE","8.539","81.182","1.8","2011-11",,"413","20","14","0","0","0","30","0","71","2.82","89",,"0","14.02","80.3","85.9","74.6"
"CEM00043418","CHINA BAY, CE","8.539","81.182","1.8","2011-12",,,"17","11",,,"0","28","0",,"3.39","87",,,"12.54",,"84.2",
"CEM00043418","CHINA BAY, CE","8.539","81.182","1.8","2012-01","393","393","4","1","0","0","0","30","0","69","0.32","87",,"0","0.50","79.5","84.8","74.2"
"CEM00043418","CHINA BAY, CE","8.539","81.182","1.8","2012-02",,,"5","4",,,"0","27","0",,"4.80","87",,,"6.11",,"85.2",
"CEM00043418","CHINA BAY, CE","8.539","81.182","1.8","2012-03",,"465","1","1","0","0","0","30","9","72","0.80","94",,"0","0.80","82.3","88.9","75.6"
"CEM00043418","CHINA BAY, CE","8.539","81.182","1.8","2012-04",,,"6","2","0","0","0","26","23","73","5.20","97",,,"5.73","84.6","92.1","77.1"
"CEM00043418","CHINA BAY, CE","8.539","81.182","1.8","2012-05",,"607","1","0","0","0","0","30","30","75","0.02","101",,"0","0.02","88.2","97.2","79.1"
"CEM00043418","CHINA BAY, CE","8.539","81.182","1.8","2012-06",,"600","1","0","0","0","0","30","29","77","0.03","100",,"0","0.03","88.1","96.8","79.4"
"CEM00043418","CHINA BAY, CE","8.539","81.182","1.8","2012-07",,"599","1","1","0","0","0","31","31","75","0.57","102","0","0","0.57","88.0","97.6","78.4"
"CEM00043418","CHINA BAY, CE","8.539","81.182","1.8","2012-08",,,"0","0","0","0","0","29","29","77","0.00","101",,,"0.00","88.7","98.7","78.7"
"CEM00043418","CHINA BAY, CE","8.539","81.182","1.8","2012-09",,,"10","7",,,"0","30","29",,"1.94","103",,,"5.41",,"97.5",
"CEM00043418","CHINA BAY, CE","8.539","81.182","1.8","2012-10",,,"20","17","0","0",,,,"72","6.96",,,,"22.94",,,"74.8"
"CEM00043418","CHINA BAY, CE","8.539","81.182","1.8","2012-11",,"381","15","9","0","0","0","30","2","73","1.74","90",,"0","5.93","80.1","85.1","75.1"
"CEM00043418","CHINA BAY, CE","8.539","81.182","1.8","2012-12",,"397","18","16","0","0","0","30","0","69","11.80","87",,"0","28.46","79.2","83.9","74.4"
"CEM00043418","CHINA BAY, CE","8.539","81.182","1.8","2013-01",,,"12","8",,,"0","28","0",,"2.24","85",,,"7.03",,"82.6",
"CEM00043418","CHINA BAY, CE","8.539","81.182","1.8","2013-02",,"377","7","6","0","0","0","27","0","71","4.85","89",,"0","9.97","79.8","84.4","75.2"
"CEM00043418","CHINA BAY, CE","8.539","81.182","1.8","2013-03",,,"7","6","0","0","0","30","1","73","2.96","90",,,"8.56","82.1","87.3","76.9"
"CEM00043418","CHINA BAY, CE","8.539","81.182","1.8","2013-04",,,"2","0","0","0",,,,"75","0.06",,,,"0.08",,,"78.4"
"CEM00043418","CHINA BAY, CE","8.539","81.182","1.8","2013-05",,,"4","4",,,"0","29","29",,"4.48","98",,,"5.51",,"94.6",
"CEM00043418","CHINA BAY, CE","8.539","81.182","1.8","2013-06",,"519","1","0","0","0","0","29","28","77","0.05","95",,"0","0.05","85.8","92.9","78.7"
"CEM00043418","CHINA BAY, CE","8.539","81.182","1.8","2013-07",,"568","3","1","0","0","0","30","27","72","2.47","97","0","0","2.55","85.3","92.9","77.6"
"CEM00043418","CHINA BAY, CE","8.539","81.182","1.8","2013-08",,"513","6","5","0","0","0","31","24","72","1.28","97","0","0","3.67","84.7","93.1","76.4"
"CEM00043418","CHINA BAY, CE","8.539","81.182","1.8","2013-09",,"560","1","0","0","0","0","28","25","75","0.08","101","0","0","0.08","85.8","94.4","77.2"
"CEM00043418","CHINA BAY, CE","8.539","81.182","1.8","2013-10",,"553","4","3","0","0","0","31","26","72","0.65","101","0","0","1.37","85.6","95.0","76.2"
"CEM00043418","CHINA BAY, CE","8.539","81.182","1.8","2013-11",,,"18","14",,,"0","28","3",,"2.28","91",,,"6.39",,"85.9",
"CEM00043418","CHINA BAY, CE","8.539","81.182","1.8","2013-12",,"361","10","9","0","0","0","29","0","71","1.67","87",,"0","8.08","78.3","82.3","74.3"
"CEM00043418","CHINA BAY, CE","8.539","81.182","1.8","2014-01",,,"14","9",,,"0","29","0",,"2.29","85",,,"8.21",,"81.9",
"CEM00043418","CHINA BAY, CE","8.539","81.182","1.8","2014-02",,"372","4","2","0","0","0","27","0","68","3.01","88",,"0","3.26","80.0","85.6","74.4"
"CEM00043418","CHINA BAY, CE","8.539","81.182","1.8","2014-03",,"493","2","1","0","0","0","30","6","69","0.18","91",,"0","0.21","82.6","88.3","76.8"
"CEM00043418","CHINA BAY, CE","8.539","81.182","1.8","2014-04",,"524","0","0","0","0","0","30","29","75","0.00","96",,"0","0.00","85.2","92.4","78.0"
"CEM00043418","CHINA BAY, CE","8.539","81.182","1.8","2014-05",,"573","8","4","0","0","0","31","27","74","0.72","100",,"0","2.25","86.9","95.3","78.4"
"CEM00043418","CHINA BAY, CE","8.539","81.182","1.8","2014-06",,,"0","0",,,"0","28","28",,"0.00","101",,,"0.00",,"97.4",
"CEM00043418","CHINA BAY, CE","8.539","81.182","1.8","2014-07",,"661","4","3","0","0","0","31","31","75","0.52","100","0","0","1.00","88.5","97.1","79.9"
"CEM00043418","CHINA BAY, CE","8.539","81.182","1.8","2014-08",,,"9","7",,,"0","30","29",,"1.07","99",,,"4.72",,"95.3",
"CEM00043418","CHINA BAY, CE","8.539","81.182","1.8","2014-09",,,"7","6",,,"0","29","26",,"1.43","99",,,"4.27",,"95.1",
"CEM00043418","CHINA BAY, CE","8.539","81.182","1.8","2014-10",,"483","15","14","0","0","0","31","16","72","2.42","103",,"0","6.28","83.1","90.7","75.5"
"CEM00043418","CHINA BAY, CE","8.539","81.182","1.8","2014-11",,"390","20","17","0","0","0","29","5","69","2.82","90",,"0","18.64","79.9","86.0","73.8"
"CEM00043418","CHINA BAY, CE","8.539","81.182","1.8","2014-12",,,"23","19",,,"0","30","0",,"3.41","89",,,"21.21",,"83.9",
"CEM00043418","CHINA BAY, CE","8.539","81.182","1.8","2015-01","412","412","9","3","0","0","0","31","0","68","0.93","88",,"0","1.46","79.7","85.5","73.9"
"CEM00043418","CHINA BAY, CE","8.539","81.182","1.8","2015-02",,,"11","8",,,"0","28","0",,"2.78","89",,,"7.35",,"86.4",
"CEM00043418","CHINA BAY, CE","8.539","81.182","1.8","2015-03",,"466","7","3","0","0","0","31","13","70","1.95","93",,"0","2.73","82.2","89.7","74.7"
"CEM00043418","CHINA BAY, CE","8.539","81.182","1.8","2015-05",,"574","8","5","0","0","0","31","31","74","2.11","97",,"0","5.21","86.2","94.6","77.8"
"CEM00043418","CHINA BAY, CE","8.539","81.182","1.8","2015-06",,"594","3","3","0","0","0","30","30","75","0.49","98",,"0","0.88","87.1","95.4","78.7"
"CEM00043418","CHINA BAY, CE","8.539","81.182","1.8","2015-07",,"666","1","1","0","0","0","31","31","72","0.37","99","0","0","0.37","88.0","96.7","79.3"
"CEM00043418","CHINA BAY, CE","8.539","81.182","1.8","2015-08",,,"3","2",,,"0","28","28",,"0.61","99",,,"1.21",,"96.4",
"CEM00043418","CHINA BAY, CE","8.539","81.182","1.8","2015-09",,,"7","7",,,"0","30","28",,"2.82","99",,,"8.42",,"94.5",
"CEM00043418","CHINA BAY, CE","8.539","81.182","1.8","2015-10",,"475","17","14","0","0","0","31","12","73","6.57","96",,"0","16.15","82.6","89.4","75.7"
"CEM00043418","CHINA BAY, CE","8.539","81.182","1.8","2015-11",,"389","23","20","0","0","0","29","4","72","4.39","92",,"0","25.99","80.5","86.6","74.5"
"CEM00043418","CHINA BAY, CE","8.539","81.182","1.8","2015-12",,"472","22","16","0","0","0","30","0","73","1.85","89",,"0","8.67","81.3","86.5","76.1"
"CEM00043418","CHINA BAY, CE","8.539","81.182","1.8","2016-01",,,"8","6",,,"0","30","0",,"1.39","88",,,"3.90",,"85.8",
"CEM00043418","CHINA BAY, CE","8.539","81.182","1.8","2016-02",,"427","5","3","0","0","0","27","6","70","0.50","92",,"0","0.88","82.0","88.3","75.7"
"CEM00043418","CHINA BAY, CE","8.539","81.182","1.8","2016-03",,"526","1","1","0","0","0","31","28","72","1.71","94",,"0","1.71","83.8","91.1","76.5"
"CEM00043418","CHINA BAY, CE","8.539","81.182","1.8","2016-04",,,"1","1","0","0","0","26","26","76","0.16","100",,,"0.16","86.5","94.5","78.6"
"CEM00043418","CHINA BAY, CE","8.539","81.182","1.8","2016-05",,,"8","5","0","0","0","29","26","75","7.04","98",,,"13.06","86.3","93.6","79.0"
"CEM00043418","CHINA BAY, CE","8.539","81.182","1.8","2016-06",,"538","0","0","0","0","0","28","27","77","0.00","96",,"0","0.00","86.5","93.7","79.3"
"CEM00043418","CHINA BAY, CE","8.539","81.182","1.8","2016-07",,,"7","4","0","0","0","30","29","73","1.41","98",,,"3.18","86.1","94.3","77.9"
"CEM00043418","CHINA BAY, CE","8.539","81.182","1.8","2016-08",,,"5","4",,,,,,,"0.91",,,,"2.30",,,
"CEM00043418","CHINA BAY, CE","8.539","81.182","1.8","2016-09",,,"4","1","0","0","0","25","25","74","0.33","99",,,"0.37","87.7","97.4","78.1"
"CEM00043418","CHINA BAY, CE","8.539","81.182","1.8","2016-10",,,"7","6","0","0","0","29","26","74","1.37","99",,,"3.33","85.4","94.7","76.0"
"CEM00043418","CHINA BAY, CE","8.539","81.182","1.8","2016-11",,,"17","15","0","0","0","28","2","71","0.91","92",,,"6.68","80.6","86.5","74.6"
"CEM00043418","CHINA BAY, CE","8.539","81.182","1.8","2016-12",,"404","12","9","0","0","0","30","2","65","1.09","92",,"0","3.70","79.4","85.6","73.2"
"CEM00043418","CHINA BAY, CE","8.539","81.182","1.8","2017-01",,,"9","7",,,"0","29","0",,"1.12","87",,,"3.54",,"85.1",
"CEM00043418","CHINA BAY, CE","8.539","81.182","1.8","2017-02",,,"4","1",,,"0","26","0",,"0.46","90",,,"0.63",,"85.7",
"CEM00043418","CHINA BAY, CE","8.539","81.182","1.8","2017-03",,,"9","8",,,"0","27","5",,"2.66","92",,,"9.34",,"88.5",
"CEM00043418","CHINA BAY, CE","8.539","81.182","1.8","2017-04",,"624","0","0","0","0","0","30","30","74","0.00","100",,"0","0.00","86.4","95.6","77.3"
"CEM00043418","CHINA BAY, CE","8.539","81.182","1.8","2017-05",,,"2","2","0","0","0","28","27","72","1.36","100",,,"1.57","87.1","95.4","78.9"
"CEM00043418","CHINA BAY, CE","8.539","81.182","1.8","2017-06",,"612","1","0","0","0","0","27","27","78","0.06","100",,"0","0.06","88.6","97.2","80.0"
"CEM00043418","CHINA BAY, CE","8.539","81.182","1.8","2017-07",,,"7","6",,,"0","28","28",,"1.44","100",,,"3.43",,"97.2",
"CEM00043418","CHINA BAY, CE","8.539","81.182","1.8","2017-08",,,"10","8",,,"0","28","26",,"1.08","96",,,"4.20",,"93.0",
"CEM00043418","CHINA BAY, CE","8.539","81.182","1.8","2017-09",,,"8","3",,,,,,,"2.90",,,,"3.76",,,
"CEM00043418","CHINA BAY, CE","8.539","81.182","1.8","2017-10",,,"12","10",,,"0","26","17",,"1.67","97",,,"10.11",,"91.9",
"CEM00043418","CHINA BAY, CE","8.539","81.182","1.8","2017-11",,,"16","12",,,"0","27","3",,"3.13","92",,,"11.70",,"86.4",
"CEM00043418","CHINA BAY, CE","8.539","81.182","1.8","2017-12",,,"13","8","0","0","0","30","0","69","2.82","88",,,"5.85","80.0","85.2","74.9"
"CEM00043418","CHINA BAY, CE","8.539","81.182","1.8","2018-01",,,"5","1","0","0","0","28","0","66","0.31","86",,,"0.48","78.4","84.0","72.8"
"CEM00043418","CHINA BAY, CE","8.539","81.182","1.8","2018-02",,"358","7","4","0","0","0","26","0","68","4.16","88",,"0","6.69","80.3","85.7","74.9"
"CEM00043418","CHINA BAY, CE","8.539","81.182","1.8","2018-03",,"444","5","3","0","0","0","31","9","70","1.47","94",,"0","2.06","82.0","88.9","75.1"
"CEM00043418","CHINA BAY, CE","8.539","81.182","1.8","2018-04",,"545","6","5","0","0","0","30","29","72","0.77","98",,"0","2.22","84.4","92.1","76.6"
"CEM00043418","CHINA BAY, CE","8.539","81.182","1.8","2018-05",,,"11","7",,,"0","30","26",,"3.31","99",,,"11.74",,"91.8",
"CEM00043418","CHINA BAY, CE","8.539","81.182","1.8","2018-06",,"558","0","0","0","0","0","29","29","77","0.00","98",,"0","0.00","86.6","94.2","78.9"
"CEM00043418","CHINA BAY, CE","8.539","81.182","1.8","2018-07",,"557","5","4","0","0","0","30","29","72","3.61","98","0","0","4.33","86.5","94.7","78.4"
"CEM00043418","CHINA BAY, CE","8.539","81.182","1.8","2018-08",,,"4","3",,,,,,,"1.72",,,,"3.34",,,
"CEM00043418","CHINA BAY, CE","8.539","81.182","1.8","2018-09",,,"4","1",,,,,,,"0.57",,,,"0.67",,,
"CEM00043418","CHINA BAY, CE","8.539","81.182","1.8","2019-01",,,"2","1","0","0","0","26","0","69","0.65","87",,,"0.68","79.2","83.5","75.0"
"CEM00043418","CHINA BAY, CE","8.539","81.182","1.8","2019-02",,,"5","3","0","0",,,,"71","3.47",,,,"4.99",,,"76.8"
"CEM00043424","PUTTALAM, CE","8.033","79.833","2.0","2010-01",,,"6","0","0","0",,,,"62","0.07",,,,"0.20",,,"70.2"
"CEM00043424","PUTTALAM, CE","8.033","79.833","2.0","2010-02",,,"1","0",,,"0","23","17",,"0.04","98",,,"0.04",,"91.7",
"CEM00043424","PUTTALAM, CE","8.033","79.833","2.0","2010-03",,,"1","1",,,"0","26","25",,"0.17","99",,,"0.17",,"93.6",
"CEM00043424","PUTTALAM, CE","8.033","79.833","2.0","2010-04",,,"13","8","0","0","0","29","28","74","1.37","97",,,"5.19","84.6","92.2","77.0"
"CEM00043424","PUTTALAM, CE","8.033","79.833","2.0","2010-05",,"518","15","6","0","0","0","28","16","73","0.55","93",,"0","2.57","84.9","90.6","79.2"
"CEM00043424","PUTTALAM, CE","8.033","79.833","2.0","2010-06",,,"4","2","0","0","0","28","10","76","0.26","92",,,"0.46","84.7","89.5","79.9"
"CEM00043424","PUTTALAM, CE","8.033","79.833","2.0","2010-07",,"525","3","1","0","0","0","30","9","75","1.25","92","0","0","1.38","83.8","88.9","78.7"
"CEM00043424","PUTTALAM, CE","8.033","79.833","2.0","2010-08",,"501","2","1","0","0","0","30","5","73","2.01","91","0","0","2.07","82.7","87.3","78.1"
"CEM00043424","PUTTALAM, CE","8.033","79.833","2.0","2010-09",,"520","8","7","0","0","0","30","3","74","6.87","91","0","0","9.73","83.0","88.0","77.9"
"CEM00043424","PUTTALAM, CE","8.033","79.833","2.0","2010-10",,"445","9","2","0","0","0","30","0","73","1.89","89","0","0","3.60","82.1","86.7","77.5"
"CEM00043424","PUTTALAM, CE","8.033","79.833","2.0","2010-11",,,"23","18","0","0","0","28","0","71","3.03","90",,,"12.94","80.2","86.3","74.1"
"CEM00043424","PUTTALAM, CE","8.033","79.833","2.0","2010-12",,,"21","15","0","0","0","28","0","69","2.99","89",,,"13.96","78.2","83.7","72.7"
"CEM00043424","PUTTALAM, CE","8.033","79.833","2.0","2011-01","343","343","13","6","0","0","0","30","0","65","0.99","88",,"0","3.04","77.3","84.2","70.4"
"CEM00043424","PUTTALAM, CE","8.033","79.833","2.0","2011-02","662","320","10","7","0","0","0","25","2","68","1.14","90",,"0","3.76","78.7","86.0","71.4"
"CEM00043424","PUTTALAM, CE","8.033","79.833","2.0","2011-03","1118","456","6","3","0","0","0","29","16","68","0.36","92",,"0","0.80","81.4","89.9","72.8"
"CEM00043424","PUTTALAM, CE","8.033","79.833","2.0","2011-04","1587","468","16","10","0","0","0","28","20","72","1.18","93",,"0","6.28","82.4","89.8","75.1"
"CEM00043424","PUTTALAM, CE","8.033","79.833","2.0","2011-05","2137","550","2","0","0","0","0","30","14","74","0.05","93",,"0","0.06","84.7","89.9","79.5"
"CEM00043424","PUTTALAM, CE","8.033","79.833","2.0","2011-06",,,"4","2",,,,,,,"0.24",,,,"0.49",,,
"CEM00043424","PUTTALAM, CE","8.033","79.833","2.0","2011-07",,"527","3","2","0","0","0","31","5","74","0.92","90","0","0","1.64","83.8","88.2","79.4"
"CEM00043424","PUTTALAM, CE","8.033","79.833","2.0","2011-08",,"575","3","1","0","0","0","31","2","77","0.13","91","0","0","0.21","84.1","88.7","79.6"
"CEM00043424","PUTTALAM, CE","8.033","79.833","2.0","2011-09",,,"2","1","0","0","0","29","10","78","0.11","92",,,"0.18","84.8","89.5","80.1"
"CEM00043424","PUTTALAM, CE","8.033","79.833","2.0","2011-10",,,"15","11","0","0","0","28","15","74","1.85","91",,,"6.81","83.3","89.6","77.0"
"CEM00043424","PUTTALAM, CE","8.033","79.833","2.0","2011-11",,"404","20","13","0","0","0","28","5","66","1.05","92",,"0","6.83","80.6","87.5","73.7"
"CEM00043424","PUTTALAM, CE","8.033","79.833","2.0","2011-12",,"380","12","7","0","0","0","30","1","64","0.52","90",,"0","2.41","79.1","86.2","71.9"
"CEM00043424","PUTTALAM, CE","8.033","79.833","2.0","2012-01","378","378","4","2","0","0","0","30","3","65","0.63","90",,"0","0.96","78.6","87.6","69.6"
"CEM00043424","PUTTALAM, CE","8.033","79.833","2.0","2012-02","758","380","8","4","0","0","0","28","17","66","11.09","94",,"0","12.22","80.8","90.4","71.2"
"CEM00043424","PUTTALAM, CE","8.033","79.833","2.0","2012-03","1239","480","8","6","0","0","0","31","21","68","1.36","95",,"0","2.91","82.2","90.5","73.9"
"CEM00043424","PUTTALAM, CE","8.033","79.833","2.0","2012-04",,,"15","7",,,"0","30","18",,"1.49","93",,,"4.14",,"90.1",
"CEM00043424","PUTTALAM, CE","8.033","79.833","2.0","2012-05",,"598","1","0","0","0","0","31","24","75","0.03","92",,"0","0.03","85.6","90.6","80.6"
"CEM00043424","PUTTALAM, CE","8.033","79.833","2.0","2012-06",,,"2","1","0","0","0","27","5","77","0.52","90",,,"0.54","84.8","89.0","80.6"
"CEM00043424","PUTTALAM, CE","8.033","79.833","2.0","2012-07",,"585","1","0","0","0","0","31","6","78","0.01","92","0","0","0.01","84.5","89.0","80.0"
"CEM00043424","PUTTALAM, CE","8.033","79.833","2.0","2012-08",,"506","5","4","0","0","0","31","10","76","0.26","91","0","0","0.66","84.5","89.4","79.6"
"CEM00043424","PUTTALAM, CE","8.033","79.833","2.0","2012-09",,"550","4","3","0","0","0","30","12","72","1.15","92","0","0","2.02","84.6","89.7","79.5"
"CEM00043424","PUTTALAM, CE","8.033","79.833","2.0","2012-10",,"476","18","11","0","0","0","31","14","73","2.12","92","0","0","11.24","82.0","88.3","75.8"
"CEM00043424","PUTTALAM, CE","8.033","79.833","2.0","2012-11",,"417","13","13","0","0","0","28","0","70","3.31","89","0","0","9.76","80.5","86.9","74.0"
"CEM00043424","PUTTALAM, CE","8.033","79.833","2.0","2012-12",,"398","20","15","0","0","0","30","1","69","2.46","90","0","0","12.76","79.2","85.4","73.0"
"CEM00043424","PUTTALAM, CE","8.033","79.833","2.0","2013-01",,,"7","6","0","0","0","30","0","65","1.46","89",,,"3.43","77.9","85.5","70.4"
"CEM00043424","PUTTALAM, CE","8.033","79.833","2.0","2013-02",,,"9","5","0","0","0","26","3","67","1.53","91",,,"3.67","79.5","87.8","71.2"
"CEM00043424","PUTTALAM, CE","8.033","79.833","2.0","2013-03",,"528","4","3","0","0","0","31","24","69","0.83","95",,"0","1.59","82.6","90.9","74.3"
"CEM00043424","PUTTALAM, CE","8.033","79.833","2.0","2013-04",,,"6","2","0","0","0","29","28","75","0.96","94",,,"1.28","84.5","91.7","77.3"
"CEM00043424","PUTTALAM, CE","8.033","79.833","2.0","2013-05",,,"6","4","0","0","0","29","22","76","0.42","92",,,"1.09","85.4","90.4","80.5"
"CEM00043424","PUTTALAM, CE","8.033","79.833","2.0","2013-06",,"525","4","1","0","0","0","29","1","76","0.46","90",,"0","0.50","83.8","87.8","79.7"
"CEM00043424","PUTTALAM, CE","8.033","79.833","2.0","2013-07",,"488","3","2","0","0","0","30","2","76","0.27","92","0","0","0.39","83.7","88.2","79.1"
"CEM00043424","PUTTALAM, CE","8.033","79.833","2.0","2013-08",,"543","3","1","0","0","0","30","7","76","0.37","93","0","0","0.52","83.8","89.0","78.5"
"CEM00043424","PUTTALAM, CE","8.033","79.833","2.0","2013-09",,"440","9","4","0","0","0","29","2","74","2.72","92","0","0","4.06","82.7","87.2","78.1"
"CEM00043424","PUTTALAM, CE","8.033","79.833","2.0","2013-10",,"477","6","4","0","0","0","31","2","73","2.90","91","0","0","4.52","82.7","88.5","76.9"
"CEM00043424","PUTTALAM, CE","8.033","79.833","2.0","2013-11",,"415","17","15","0","0","0","28","5","69","1.70","92","0","0","11.04","80.4","87.5","73.3"
"CEM00043424","PUTTALAM, CE","8.033","79.833","2.0","2013-12",,,"8","4","0","0","0","26","0","67","1.17","88",,,"2.28","78.1","85.4","70.9"
"CEM00043424","PUTTALAM, CE","8.033","79.833","2.0","2014-01","373","373","5","3","0","0","0","29","0","67","3.26","89",,"0","4.15","78.7","86.4","70.9"
"CEM00043424","PUTTALAM, CE","8.033","79.833","2.0","2014-02","727","354","3","1","0","0","0","27","16","61","0.33","95",,"0","0.36","79.7","90.2","69.2"
"CEM00043424","PUTTALAM, CE","8.033","79.833","2.0","2014-03","1231","504","3","2","0","0","0","30","29","67","0.78","99",,"0","1.39","83.7","93.9","73.5"
"CEM00043424","PUTTALAM, CE","8.033","79.833","2.0","2014-04",,,"13","8",,,"0","30","28",,"3.39","94",,,"7.41",,"91.4",
"CEM00043424","PUTTALAM, CE","8.033","79.833","2.0","2014-05",,"504","7","5","0","0","0","30","22","75","1.16","92",,"0","4.16","84.4","90.2","78.6"
"CEM00043424","PUTTALAM, CE","8.033","79.833","2.0","2014-06",,,"2","1","0","0","0","25","10","79","0.33","92",,,"0.37","85.6","89.6","81.6"
"CEM00043424","PUTTALAM, CE","8.033","79.833","2.0","2014-07",,"531","1","1","0","0","0","29","3","79","0.16","93","0","0","0.16","84.7","88.9","80.6"
"CEM00043424","PUTTALAM, CE","8.033","79.833","2.0","2014-08",,"521","4","3","0","0","0","30","3","73","2.13","91","0","0","4.22","83.6","88.3","78.8"
"CEM00043424","PUTTALAM, CE","8.033","79.833","2.0","2014-09",,"493","8","6","0","0","0","29","3","74","1.43","92","0","0","4.18","83.2","88.3","78.1"
"CEM00043424","PUTTALAM, CE","8.033","79.833","2.0","2014-10",,,"21","14",,,"0","30","3",,"2.05","91",,,"10.00",,"88.0",
"CEM00043424","PUTTALAM, CE","8.033","79.833","2.0","2014-11",,"363","20","14","0","0","0","27","1","71","2.48","90",,"0","12.54","79.5","85.5","73.5"
"CEM00043424","PUTTALAM, CE","8.033","79.833","2.0","2014-12",,,"22","21","0","0","0","29","0","69","3.13","90",,,"18.28","78.9","84.3","73.5"
"CEM00043424","PUTTALAM, CE","8.033","79.833","2.0","2015-01",,,"3","3",,,"0","31","2",,"0.24","90",,,"0.55",,"87.4",
"CEM00043424","PUTTALAM, CE","8.033","79.833","2.0","2015-02",,,"7","4",,,"0","28","9",,"0.63","92",,,"1.30",,"88.9",
"CEM00043424","PUTTALAM, CE","8.033","79.833","2.0","2015-03",,,"6","5",,,"0","31","30",,"1.09","97",,,"2.18",,"93.4",
"CEM00043424","PUTTALAM, CE","8.033","79.833","2.0","2015-05",,,"9","8",,,"0","30","15",,"1.54","92",,,"4.01",,"89.7",
"CEM00043424","PUTTALAM, CE","8.033","79.833","2.0","2015-06",,,"13","7","0","0","0","27","11","76","0.32","91",,,"1.79","84.6","89.6","79.6"
"CEM00043424","PUTTALAM, CE","8.033","79.833","2.0","2015-07",,,"1","0","0","0","0","29","8","77","0.02","93",,,"0.02","84.9","89.4","80.4"
"CEM00043424","PUTTALAM, CE","8.033","79.833","2.0","2015-08",,,"4","2",,,"0","30","16",,"0.35","93",,,"0.65",,"90.3",
"CEM00043424","PUTTALAM, CE","8.033","79.833","2.0","2015-09",,,"9","7",,,"0","30","14",,"0.87","94",,,"2.68",,"89.7",
"CEM00043424","PUTTALAM, CE","8.033","79.833","2.0","2015-10",,"450","26","16","0","0","0","30","5","73","3.20","92",,"0","11.91","82.2","88.4","76.0"
"CEM00043424","PUTTALAM, CE","8.033","79.833","2.0","2015-11",,"448","21","14","0","0","0","29","3","73","4.46","90",,"0","16.24","81.0","86.9","75.1"
"CEM00043424","PUTTALAM, CE","8.033","79.833","2.0","2015-12",,,"20","13",,,"0","28","1",,"1.55","90",,,"9.58",,"87.2",
"CEM00043424","PUTTALAM, CE","8.033","79.833","2.0","2016-01",,,"4","1",,,"0","28","5",,"0.32","92",,,"0.40",,"88.4",
"CEM00043424","PUTTALAM, CE","8.033","79.833","2.0","2016-02",,,"4","3","0","0","0","27","23","67","2.20","95",,,"3.42","82.3","92.0","72.6"
"CEM00043424","PUTTALAM, CE","8.033","79.833","2.0","2016-03",,,"3","1","0","0","0","28","28","72","0.97","98",,,"1.06","84.2","93.3","75.1"
"CEM00043424","PUTTALAM, CE","8.033","79.833","2.0","2016-04",,,"5","2","0","0","0","27","27","73","0.60","95",,,"1.35","85.7","93.8","77.6"
"CEM00043424","PUTTALAM, CE","8.033","79.833","2.0","2016-05",,,"17","12","0","0","0","28","18","74","5.17","95",,,"17.83","84.6","90.6","78.5"
"CEM00043424","PUTTALAM, CE","8.033","79.833","2.0","2016-06",,"491","11","5","0","0","0","28","2","74","1.83","90",,"0","3.11","83.9","88.2","79.5"
"CEM00043424","PUTTALAM, CE","8.033","79.833","2.0","2016-07",,,"1","0","0","0","0","30","6","76","0.01","93",,,"0.01","83.9","88.9","78.9"
"CEM00043424","PUTTALAM, CE","8.033","79.833","2.0","2016-08",,,"0","0",,,,,,,"0.00",,,,"0.00",,,
"CEM00043424","PUTTALAM, CE","8.033","79.833","2.0","2016-09",,,"0","0","0","0","0","25","4","78","0.00","91",,,"0.00","83.7","88.7","78.7"
"CEM00043424","PUTTALAM, CE","8.033","79.833","2.0","2016-10",,,"4","2","0","0","0","29","12","74","0.35","92",,,"0.63","83.5","89.7","77.2"
"CEM00043424","PUTTALAM, CE","8.033","79.833","2.0","2016-11",,"374","17","15","0","0","0","28","3","68","2.12","91",,"0","10.46","80.0","87.1","72.9"
"CEM00043424","PUTTALAM, CE","8.033","79.833","2.0","2016-12",,"371","5","2","0","0","0","30","4","60","0.22","91",,"0","0.46","79.4","87.7","71.1"
"CEM00043424","PUTTALAM, CE","8.033","79.833","2.0","2017-01",,,"9","6",,,"0","30","6",,"1.33","91",,,"4.56",,"87.3",
"CEM00043424","PUTTALAM, CE","8.033","79.833","2.0","2017-02",,,"3","3",,,"0","26","4",,"0.63","93",,,"1.32",,"88.6",
"CEM00043424","PUTTALAM, CE","8.033","79.833","2.0","2017-03",,,"5","4","0","0","0","29","25","71","1.15","97",,,"2.37","82.7","91.2","74.3"
"CEM00043424","PUTTALAM, CE","8.033","79.833","2.0","2017-04",,"546","2","2","0","0","0","29","29","73","0.73","94",,"0","0.93","86.0","92.7","79.3"
"CEM00043424","PUTTALAM, CE","8.033","79.833","2.0","2017-05",,,"9","3",,,,,,,"0.46",,,,"0.95",,,
"CEM00043424","PUTTALAM, CE","8.033","79.833","2.0","2017-06",,,"5","2","0","0","0","26","16","77","0.12","92",,,"0.28","85.6","90.0","81.1"
"CEM00043424","PUTTALAM, CE","8.033","79.833","2.0","2017-07",,,"2","0",,,"0","28","22",,"0.09","94",,,"0.18",,"90.9",
"CEM00043424","PUTTALAM, CE","8.033","79.833","2.0","2017-08",,,"5","0",,,"0","27","11",,"0.06","94",,,"0.17",,"89.9",
"CEM00043424","PUTTALAM, CE","8.033","79.833","2.0","2017-09",,,"13","8",,,,,,,"1.30",,,,"4.09",,,
"CEM00043424","PUTTALAM, CE","8.033","79.833","2.0","2017-10",,,"16","11",,,"0","26","3",,"0.91","90",,,"3.61",,"88.2",
"CEM00043424","PUTTALAM, CE","8.033","79.833","2.0","2017-11",,,"16","11",,,"0","26","3",,"1.71","92",,,"6.90",,"86.8",
"CEM00043424","PUTTALAM, CE","8.033","79.833","2.0","2017-12",,,"10","8",,,"0","29","2",,"2.31","90",,,"4.03",,"87.1",
"CEM00043424","PUTTALAM, CE","8.033","79.833","2.0","2018-01",,,"4","1",,,"0","28","1",,"0.21","90",,,"0.45",,"86.6",
"CEM00043424","PUTTALAM, CE","8.033","79.833","2.0","2018-02",,,"3","1",,,"0","25","19",,"1.37","95",,,"1.49",,"91.1",
"CEM00043424","PUTTALAM, CE","8.033","79.833","2.0","2018-03",,,"6","2",,,"0","31","28",,"0.21","96",,,"0.53",,"92.3",
"CEM00043424","PUTTALAM, CE","8.033","79.833","2.0","2018-04",,,"13","8",,,"0","29","27",,"2.94","96",,,"11.43",,"92.0",
"CEM00043424","PUTTALAM, CE","8.033","79.833","2.0","2018-05",,,"17","11",,,"0","28","9",,"4.55","93",,,"15.42",,"89.1",
"CEM00043424","PUTTALAM, CE","8.033","79.833","2.0","2018-06",,,"8","5",,,"0","30","0",,"0.91","89",,,"2.21",,"87.6",
"CEM00043424","PUTTALAM, CE","8.033","79.833","2.0","2018-07",,"514","2","0","0","0","0","30","2","77","0.03","91","0","0","0.04","83.4","87.6","79.1"
"CEM00043424","PUTTALAM, CE","8.033","79.833","2.0","2018-08",,,"0","0","0","0",,,,"76","0.00",,,,"0.00",,,"77.9"
"CEM00043424","PUTTALAM, CE","8.033","79.833","2.0","2018-09",,,"0","0",,,,,,,"0.00",,,,"0.00",,,
"CEM00043424","PUTTALAM, CE","8.033","79.833","2.0","2019-01",,,"0","0",,,,,,,"0.00",,,,"0.00",,,
"CEM00043424","PUTTALAM, CE","8.033","79.833","2.0","2019-02",,,"6","5",,,,,,,"1.50",,,,"4.85",,,
